﻿Designator,Quantity,Value,Footprint,Package,MPN,DNP,Mount_Type,Description,Specifications,Manufacturer,Display,JLCPCB ID,MF,Description_1,Price,SnapEDA_Link,MP,Availability,Check_prices,Manufacturer 2,Part Number 2
C1,1,10nF_0603_25V,C_0201_0603Metric_Pad0.64x0.40mm_HandSolder,,06035C103KAT2A,,smt,"10nF, Min 25V, 10%, X7R or similar","10nF, Min 25V, 10%, X7R or similar",AVX Corporation,10nF,C57112,,,,,,,,,
E2,1,HM-10,26.9X13X2.2_BOARD,Package,,,smt,,,,,,Jinan Huamao Technology,Bluetooth 4.0 module with 4pin base board that can support iphone4s or later.,None,https://www.snapeda.com/parts/HM-10/Jinan+Huamao+Technology/view-part/?ref=snap,HM-10,Not in stock,https://www.snapeda.com/parts/HM-10/Jinan+Huamao+Technology/view-part/?ref=eda,,
J3,1,PINHD_1x9_Male,PinHeader_1x09_P2.54mm_Vertical,,,,tht,Pin Header male with pin space 2.54mm. Pin Count -9,,,,,,,,,,,,,
"R4, R7",2,10k_0402,R_0402_1005Metric,,RT0402FRE0710KL,,smt,"10k, 1%, 1/16W, 0603","10k, 1%, 1/10W, 0402",Yageo,10k,,,,,,,,,Yageo,RT0402DRE0710KL
R5,1,2k_0603,R_0201_0603Metric_Pad0.64x0.40mm_HandSolder,,RC0603FR-072KL,,smt,"2K, 1%, 1/10W, 0603","2K, 1%, 1/10W, 0603",Yageo,2k,C22975,,,,,,,,,
R6,1,1k,R_Axial_DIN0207_L6.3mm_D2.5mm_P10.16mm_Horizontal,,,,tht,"1kΩ, 1/4W Resistor",,,,,,,,,,,,,
R8,1,100_0603,R_0201_0603Metric_Pad0.64x0.40mm_HandSolder,,RC0603FR-07100RL,,smt,"100Ω, 1%, 1/10W, 0603","100Ω, 1%, 1/10W, 0603",Yageo,100Ω,C22775,,,,,,,,,
TP1,1,VCC,TestPoint_Pad_D1.0mm,,,,tht,test point,,,,,,,,,,,,,
TP2,1,UART_TX,TestPoint_Pad_D1.0mm,,,,tht,test point,,,,,,,,,,,,,
TP3,1,UART_RX,TestPoint_Pad_D1.0mm,,,,tht,test point,,,,,,,,,,,,,
TP4,1,RTS,TestPoint_Pad_D1.0mm,,,,tht,test point,,,,,,,,,,,,,
TP5,1,CTS,TestPoint_Pad_D1.0mm,,,,tht,test point,,,,,,,,,,,,,
TP6,1,RESET,TestPoint_Pad_D1.0mm,,,,tht,test point,,,,,,,,,,,,,
TP7,1,Key,TestPoint_Pad_D1.0mm,,,,tht,test point,,,,,,,,,,,,,
TP8,1,LED,TestPoint_Pad_D1.0mm,,,,tht,test point,,,,,,,,,,,,,
TP9,1,GND,TestPoint_Pad_D1.0mm,,,,tht,test point,,,,,,,,,,,,,
U1,1,AMS1117-3.3,SOT-223-3_TabPin2,,,,smt,"1A Low Dropout regulator, positive, 3.3V fixed output, SOT-223",,,,,,,,,,,,,
