﻿pos_x,pos_y,rotation,side,designator,mpn,pack,footprint,value,mount_type
75.0,-22.0,0.0,top,C1,06035C103KAT2A,,C_0201_0603Metric_Pad0.64x0.40mm_HandSolder,10nF_0603_25V,smt
103.75,-23.5,0.0,top,E2,,Package,26.9X13X2.2_BOARD,HM-10,smt
61.0,-41.78,180.0,top,J3,,,PinHeader_1x09_P2.54mm_Vertical,PINHD_1x9_Male,tht
66.0,-34.5,0.0,top,R4,RT0402FRE0710KL,,R_0402_1005Metric,10k_0402,smt
85.5675,-27.0,0.0,top,R5,RC0603FR-072KL,,R_0201_0603Metric_Pad0.64x0.40mm_HandSolder,2k_0603,smt
72.92,-26.5,0.0,top,R6,,,R_Axial_DIN0207_L6.3mm_D2.5mm_P10.16mm_Horizontal,1k,tht
68.5,-36.5,0.0,top,R7,RT0402FRE0710KL,,R_0402_1005Metric,10k_0402,smt
82.4325,-24.0,0.0,top,R8,RC0603FR-07100RL,,R_0201_0603Metric_Pad0.64x0.40mm_HandSolder,100_0603,smt
68.0,-24.5,-90.0,top,U1,,,SOT-223-3_TabPin2,AMS1117-3.3,smt
